feature,impurity_importance,perm_importance,perm_std,meaning
n_dots,0.17696937841014443,0.11090810309455075,0.0016686507534149169,number of '.'
path_length,0.12089812631899838,0.032425394483843704,0.0012206467659750253,characters in the path
n_params,0.04476951361217081,0.02676434931460207,0.00046126566097400945,query parameters
n_slashes,0.06588665057068614,0.019674624367901794,0.0010651554731367315,number of '/'
hostname_length,0.05478683150389721,0.01872074174639145,0.0006661461724626148,characters in the host name
n_subdomains,0.035755931005901256,0.018060398122180077,0.0009753314371590243,subdomain labels (leading www ignored)
path_depth,0.03637285804971529,0.013157570937750126,0.0004587519871375007,directory depth of the path
longest_token_len,0.04065195549042962,0.010183642234569135,0.00021847433142605614,longest run of letters/digits (random-looking tokens are long)
url_length,0.04365181555003961,0.006319623018905947,0.0008343486179338605,total characters in the URL (scheme excluded)
query_length,0.029029161869798308,0.005872685861364728,0.00044422998462686846,characters in the query string
n_special,0.04566500046696021,0.005392283071934252,0.001010209454190773,characters that are neither letters nor digits
n_hyphens,0.019633362084509325,0.00459129410365285,0.0004938338549293845,number of '-'
n_digits,0.025077770052100504,0.00457761635795606,0.0006425243181597313,number of digits
keyword_count,0.018120519249303,0.003589315146864447,0.00023923537808884018,login/verify/secure-style words
digit_ratio,0.034715286197325716,0.0035787485277504194,0.00011081244993462682,digits / length
host_entropy,0.055071950639733455,0.003355336005314643,0.0002848403217509367,randomness of the host name
domain_digit_count,0.013998477496824523,0.0027259915342601935,0.00022573269711250563,digits inside the registered domain label
letter_ratio,0.04696999959625506,0.002396772679846578,0.0007567258432784082,letters / length
special_ratio,0.050595856108351406,0.002306437896279786,0.0008404995238150343,special chars / length
min_brand_dist,0.012838403891293877,0.0022999353614403897,0.0001927507119301563,edit distance of the domain label to the nearest known brand (typosquat signal)
has_ip_host,0.00876000648817907,0.0020575197414995547,0.00019468870681929246,host is an IP address
domain_hyphen_count,0.007117210239062478,0.0015190986455275723,0.0003766573847027394,hyphens inside the registered domain label
brand_in_path,0.0040725299635542694,0.0011834333126093572,8.043819386483249e-05,a brand name appears in the path of a different domain
n_pct_encoded,0.003751046443928319,0.0006157788380272885,0.00012795656264859005,%xx escapes (obfuscation)
risky_tld,0.0018475810742546552,0.0005193058857974794,0.00012450663429128557,TLD commonly abused in blocklists
brand_in_subdomain,0.0016955942127752051,0.00025029153498331197,3.0471039762583078e-05,a brand name appears in the subdomain of a different domain
n_at,0.0005693095761725906,6.597830608638204e-05,3.894200940321504e-05,'@' characters (can hide the real host)
is_shortener,0.00021197149080195757,3.5707885282102815e-05,1.0665445081912507e-06,known URL shortener
has_punycode,2.8522516099212512e-05,0.0,0.0,xn-- host (lookalike characters)
has_port,0.0004873798307340462,-1.4686759723492315e-05,3.358838796054054e-05,non-default port present
