model,eval_set,n,accuracy,precision,recall,specificity,f1,roc_auc,pr_auc,tn,fp,fn,tp
Logistic Regression,val,30000,0.798,0.7323989569752282,0.764025841550493,0.8199166483878043,0.7478781827259111,0.860522500098635,0.832646677949002,14952,3284,2776,8988
Logistic Regression,test,30000,0.7947666666666666,0.723025317466656,0.7709930165218872,0.8100558659217877,0.746239129538804,0.8663438756166253,0.8390366824518278,14790,3468,2689,9053
Logistic Regression,balanced_malicious,30000,0.4248,1.0,0.4248,,0.596294216732173,,,0,0,17256,12744
Logistic Regression,balanced_benign,4190,0.43675417661097854,0.0,,0.43675417661097854,,,,1830,2360,0,0
Logistic Regression,urlhaus,30000,0.9072666666666667,1.0,0.9072666666666667,,0.9513789366982418,,,0,0,2782,27218
Naive Bayes,val,30000,0.6681,0.8110154905335628,0.20027201632097927,0.9698947137530161,0.3212216238325721,0.7329229666589822,0.6549848670041017,17687,549,9408,2356
Naive Bayes,test,30000,0.6725666666666666,0.819088792816761,0.20975983648441493,0.9702048417132216,0.333988744999661,0.7433883825018786,0.6729357931723431,17714,544,9279,2463
Naive Bayes,balanced_malicious,30000,0.16053333333333333,1.0,0.16053333333333333,,0.27665441176470584,,,0,0,25184,4816
Naive Bayes,balanced_benign,4190,0.9863961813842482,0.0,,0.9863961813842482,,,,4133,57,0,0
Naive Bayes,urlhaus,30000,0.8720666666666667,1.0,0.8720666666666667,,0.9316619778497918,,,0,0,3838,26162
KNN,val,30000,0.853,0.8434522697552774,0.7675960557633458,0.9080938802368941,0.8037383177570094,0.917826108856946,0.8885279927012066,16560,1676,2734,9030
KNN,test,30000,0.8584666666666667,0.8500840650102746,0.7750809061488673,0.9120933289516924,0.8108517462580185,0.9191681099083615,0.8900337306440759,16653,1605,2641,9101
KNN,balanced_malicious,30000,0.32,1.0,0.32,,0.48484848484848486,,,0,0,20400,9600
KNN,balanced_benign,4190,0.690453460620525,0.0,,0.690453460620525,,,,2893,1297,0,0
KNN,urlhaus,30000,0.8945333333333333,1.0,0.8945333333333333,,0.94433105778028,,,0,0,3164,26836
Decision Tree,val,30000,0.8494,0.81286701208981,0.8001530091805509,0.881169116034218,0.8064599040438657,0.8919792676867477,0.8508425955598711,16069,2167,2351,9413
Decision Tree,test,30000,0.8506333333333334,0.8076955674209679,0.8116164196900018,0.8757257092781247,0.8096512467609703,0.8948539839245424,0.8545792913690456,15989,2269,2212,9530
Decision Tree,balanced_malicious,30000,0.39026666666666665,1.0,0.39026666666666665,,0.5614270643521626,,,0,0,18292,11708
Decision Tree,balanced_benign,4190,0.6825775656324582,0.0,,0.6825775656324582,,,,2860,1330,0,0
Decision Tree,urlhaus,30000,0.9039333333333334,1.0,0.9039333333333334,,0.949543051227284,,,0,0,2882,27118
Random Forest,val,30000,0.8759666666666667,0.8815826928551096,0.7897823869432166,0.9315639394604079,0.8331614580998071,0.9389874867047847,0.9259450143023202,16988,1248,2473,9291
Random Forest,test,30000,0.8749666666666667,0.8769695254269271,0.7916027933912451,0.9285792529302224,0.8321024126046284,0.9402421207380897,0.9272925252017726,16954,1304,2447,9295
Random Forest,balanced_malicious,30000,0.27636666666666665,1.0,0.27636666666666665,,0.4330521532474994,,,0,0,21709,8291
Random Forest,balanced_benign,4190,0.6723150357995227,0.0,,0.6723150357995227,,,,2817,1373,0,0
Random Forest,urlhaus,30000,0.8827666666666667,1.0,0.8827666666666667,,0.937733477329462,,,0,0,3517,26483
Gradient Boosting,val,30000,0.8640666666666666,0.8417822838847385,0.8045732743964638,0.9024457117788989,0.8227573018080667,0.9291401753681883,0.9142199920801714,16457,1779,2299,9465
Gradient Boosting,test,30000,0.8677666666666667,0.8371931650620176,0.8220064724919094,0.8971957498083032,0.8295303167031928,0.9318784882383522,0.9148880924353631,16381,1877,2090,9652
Gradient Boosting,balanced_malicious,30000,0.35286666666666666,1.0,0.35286666666666666,,0.5216577144828266,,,0,0,19414,10586
Gradient Boosting,balanced_benign,4190,0.6221957040572792,0.0,,0.6221957040572792,,,,2607,1583,0,0
Gradient Boosting,urlhaus,30000,0.9045333333333333,1.0,0.9045333333333333,,0.9498739848781854,,,0,0,2864,27136
